DROP DATABASE IF EXISTS `MHGU`;

CREATE DATABASE `MHGU`;

USE `MHGU`;

CREATE TABLE `weapons` (
    id MEDIUMINT NOT NULL AUTO_INCREMENT PRIMARY KEY,
    name VARCHAR(50),
    info VARCHAR(500)
);

CREATE TABLE weapons_chart (
    ID INT PRIMARY KEY,
    WEAPON_NAME VARCHAR(255),
    WEAPON_POPULARITY INT,
    WEAPON_CLASS VARCHAR(255)
);

CREATE TABLE `hunter arts` (
    id MEDIUMINT NOT NULL AUTO_INCREMENT PRIMARY KEY,
    name VARCHAR(50),
    info text,
    weapon MEDIUMINT,
    FOREIGN KEY (weapon) REFERENCES `weapons`(id)
);

CREATE TABLE `monsters` (
	id INT NOT NULL AUTO_INCREMENT PRIMARY KEY,
    name VARCHAR(50) NOT NULL,
    type VARCHAR(50) NOT NULL,
    deviant BOOLEAN NOT NULL,
    small_monster BOOLEAN NOT NULL,
    related_monsters VARCHAR(100),
    description text

CREATE TABLE `hitzone_data` (
    id INT NOT NULL AUTO_INCREMENT PRIMARY KEY,
    monster_id INT,
    hitzone_name VARCHAR(50),
    FOREIGN KEY (monster_id) REFERENCES `monsters`(id)
);

INSERT INTO hitzone_data (monster_id, body_part, slash, impact, shot, fire, water, thunder, ice, dragon, dizzy, exhaust) VALUES
    (37, 'Head', 20, 20, 15, 10, 30, 15, 25, 0, 100, 100),
    (37, 'Neck', 20, 20, 15, 10, 15, 0, 15, 0, 0, 100),
    (37, 'Chest', 15, 15, 15, 10, 25, 10, 20, 0, 0, 100),
    (37, 'Stomach', 15, 15, 15, 10, 20, 0, 15, 0, 0, 100),
    (37, 'Back', 15, 15, 15, 10, 20, 0, 15, 0, 0, 100),
    (37, 'Forelegs', 15, 15, 15, 10, 20, 0, 20, 0, 0, 100),
    (37, 'Hind Legs', 20, 20, 15, 10, 20, 5, 15, 0, 0, 100),
    (37, 'Tail', 20, 24, 20, 5, 15, 10, 10, 20, 0, 100),
    
    (38, 'Head', 50, 50, 60, 0, 5, 20, 0, 20, 100, 100),
    (38, 'Neck', 35, 30, 20, 0, 5, 15, 0, 20, 0, 100),
    (38, 'Stomach', 35, 40, 25, 0, 5, 15, 0, 15, 0, 100),
    (38, 'Back', 20, 25, 25, 0, 5, 15, 0, 20, 0, 100),
    (38, 'Tail', 30, 25, 30, 0, 5, 30, 0, 30, 0, 100),
    (38, 'Forelegs', 25, 35, 15, 0, 5, 15, 5, 20, 0, 100),
    (38, 'Hind Legs', 30, 30, 15, 0, 5, 15, 0, 20, 0, 100),
    
    (39, 'Head', 55, 55, 55, 20, 5, 10, 15, 0, 100, 100),
    (39, 'Body', 50, 50, 62, 25, 5, 10, 15, 0, 0, 100),
    (39, 'Forelegs', 33, 35, 28, 30, 5, 30, 20, 0, 0, 100),
    (39, 'Rear', 66, 66, 43, 15, 5, 10, 20, 0, 0, 100),
    (39, 'Stomach / Hind Legs', 55, 55, 38, 15, 5, 10, 20, 0, 0, 100),
    
    (40, 'Head', 45, 40, 38, 5, 0, 0, 0, 0, 100, 100),
    (40, 'Body', 38, 38, 35, 15, 0, 0, 5, 0, 0, 100),
    (40, 'Forelegs', 20, 20, 30, 20, 0, 15, 10, 0, 0, 100),
    (40, 'Rear', 25, 34, 25, 5, 0, 0, 15, 0, 0, 100),
    (40, 'Stomach / Hind Legs', 36, 23, 25, 5, 0, 0, 15, 0, 0, 100),
    
    (41, 'Head', 55, 55, 30, 5, 5, 0, 5, 5, 100, 100),
    (41, 'Stomach', 24, 24, 15, 10, 10, 0, 20, 5, 0, 100),
    (41, 'Back', 25, 25, 20, 5, 5, 0, 5, 5, 0, 100),
    (41, 'Wings', 25, 25, 20, 5, 5, 0, 5, 5, 0, 100),
    (41, 'Feet', 25, 25, 15, 10, 10, 0, 15, 5, 0, 100),
    (41, 'Tail', 35, 35, 20, 10, 10, 0, 20, 5, 0, 100),
    (41, 'Tail Tip', 43, 43, 25, 10, 12, 0, 20, 5, 0, 100),
    (41, 'Wings', 25, 25, 20, 5, 5, 0, 5, 5, 0, 100),
    
    (42, 'Head', 55, 55, 30, 5, 5, 0, 5, 5, 100, 100),
    (42, 'Stomach', 20, 20, 15, 10, 10, 0, 20, 5, 0, 100),
    (42, 'Neck', 32, 32, 5, 5, 5, 0, 5, 5, 0, 100),
    (42, 'Wings', 45, 45, 20, 5, 5, 0, 5, 5, 0, 100),
    (42, 'Feet', 28, 28, 15, 10, 10, 0, 15, 5, 0, 100),
    (42, 'Tail', 35, 35, 20, 10, 10, 0, 20, 5, 0, 100),
    (42, 'Tail Tip', 43, 43, 25, 10, 12, 0, 20, 5, 0, 100),
    
    (43, 'Head', 70, 70, 50, 0, 20, 25, 5, 0, 100, 100),
    (43, 'Claws', 55, 55, 20, 0, 10, 20, 5, 0, 0, 100),
    (43, 'Arms', 55, 55, 20, 0, 15, 15, 5, 0, 0, 100),
    (43, 'Back', 38, 38, 35, 0, 10, 15, 0, 0, 100, 100),
    (43, 'Body', 25, 25, 20, 0, 5, 10, 0, 0, 0, 100),
    (43, 'Feet', 45, 45, 20, 0, 5, 10, 0, 0, 0, 100),
    (43, 'Tail', 20, 20, 45, 0, 15, 20, 5, 0, 0, 100),
    
    (44, 'N/A', 5, 5, 5, 0, 0, 0, 0, 0, 0, 0),
    (44, 'N/A', 41, 41, 25, 0, 20, 0, 5, 0, 0, 0),
    (44, 'N/A', 26, 26, 20, 0, 15, 0, 5, 0, 0, 0),
    (44, 'N/A', 26, 26, 10, 0, 5, 10, 0, 0, 0,0);

CREATE TABLE `locales` (
    id INT NOT NULL AUTO_INCREMENT PRIMARY KEY,
    name VARCHAR(50)
);

CREATE TABLE `monster_locales` (
    monster_id INT,
    locale_id INT,
    FOREIGN KEY (monster_id) REFERENCES monsters(id),
    FOREIGN KEY (locale_id) REFERENCES locales(id)
);

INSERT INTO `weapons`(name, info) VALUES
    ('Great Sword', 'A mighty sword that makes up for its lack of mobility with huge, punishing attacks. The Great Sword can also block attacks, making it a good all-around weapon.'),
    ('Long Sword', 'A nimble weapon capable of extended combos. Charge up energy with each attack to use your powerful Spirit Blade attack'),
    ('Sword and Shield', 'A mobile weapon with fast recovery time between attacks. You can even use items or attack while blocking'),
    ('Dual Blades', 'A weapon that blitzes a target with a flurry of attacks. Activate Demon Mode, then continue the offensive to go into Archdemon Mode, which raises attack speed and power.'),
    ('Hammer', 'A blunt weapon used to smash monsters with powerful attacks. It can stun monsters with repeated blows to the head.'),
    ('Lance', 'A weapon coupled with a highly defensive shield. Lance users can block while moving and also counterattack. You can also charge forward with this weapon and perform a Jumping Attack, except in Strike Style.'),
    ('Gunlance', 'A Lance equipped with the ability to fire shells. Has high attack potential thanks to Wyverns Fire and Burst Fire, which uses all of your shells at once.'),
    ('Hunting Horn', 'Perform songs that boost your abilities and those of your friends. Weave your performances into your attacks to make the most of this weapons offensive and support capabilities.'),
    ('Switch Axe', 'Use the mobility and attack power of the Axe, and when you see a chance, switch to the powerful Sword. While in Sword Mode, aim to unleash a powerful Element Discharge.'),
    ('Charge Blade', 'A powerful weapon that morphs between a sword/shield combo and an axe. Accumulate energy with the nimble sword, and then switch to axe mode to unleash a thunderous, energy-filled attack.'),
    ('Insect Glaive', 'The Insect Glaive pairs a powerful glaive with Kinsects: insects that harvest extract from monsters to power you up. The Insect Glaive provides the hunter with great mobility and the ability to perform Jumping Attacks even on flat terrain.'),
    ('Light Bowgun', 'A long range projectile weapon. Utilizes a variety of ammo to do everything everything from rapidly shooting targets to providing support with status-changing ammo. Hit the target at critical range to maximize the weapons full potential. Critical range varies depending on the ammo.'),
    ('Heavy Bowgun', 'A powerful, long range projectile weapon. The heavy weight makes mobility a chore, but the firepower makes up for it. Use Crouching Fire to rapidly chain together shots. Hit the target at critical range to maximize damage Critical range varies depending on the ammo.'),
    ('Bow', 'The Bow is a versatile weapon thanks to its variety of Shots, including the long- ranged Arc Shot and the damaging Power Shot, and allows its user to be highly mobile as they fire off coated arrows as support. Hit the target at critical range to maximize the weapons full potential. Critical range varies depending on the type of arrow or arrow coating used.'),
    ('Prowler', 'Registering a Palico as a Prowler will let you control that Palico directly! Switch between modes via the Palico Board.');

INSERT INTO weapons_chart (ID, WEAPON_NAME, WEAPON_POPULARITY, WEAPON_CLASS) VALUES
    (1, 'Great Sword', 13867, 'Melee'),
    (2, 'Long Sword', 9800, 'Melee'),
    (3, 'Sword and Shield', 9124, 'Melee'),
    (4, 'Dual Blades', 10821, 'Melee'),
    (5, 'Hammer', 3403, 'Melee'),
    (6, 'Hunting Horn', 2178, 'Melee'),
    (7, 'Lance', 1832, 'Melee'),
    (8, 'Gunlance', 1362, 'Melee'),
    (9, 'Switchaxe', 7762, 'Melee'),
    (10, 'Charge Blade', 11187, 'Melee'),
    (11, 'Insect Glaive', 11821, 'Melee'),
    (12, 'Light Bowgun', 4919, 'Ranged'),
    (13, 'Heavy Bowgun', 2058, 'Ranged'),
    (14, 'Bow', 4076, 'Ranged'),
    (15, 'Prowler', 5573, 'Special');


INSERT INTO `hunter arts`(name, info, weapon) VALUES
    ('Absolute Evasion', 'Perform a corkscrew-like evasion, providing a window of opportunity to make an emergency escape. Sports a lengthy period of invulnerability and sheathes your weapon automatically upon use.', NULL),
    ('Heal Gain', 'A moment of concentration bolsters your own healing abilities. For a limited time, Health recovery is more effective, and temporary damage taken during combat recovers more quickly.', NULL),
    ('Hunters Oasis', 'Places a special device on the ground that emits a Health-restoring mist. It will continue to restore your Health as long as you are within range.', NULL),
    ('Escape Runner', 'Briefly stops Stamina depletion while running away from large monsters and dashing while transporting items. This boost of adrenaline only lasts a short amount of time.', NULL),
    ('Absolute Readiness', 'Perform a corkscrew-like evasion. In addition to a lengthy invulnerability window, Sharpness is restored, ammo refilled, and phial coating applied. Once triggered, you automatically unsheathe your weapon.', NULL),
    ('Mass Combiner', 'A technique conceived by a famous Gunner that improves your success at combining items, and ensures you produce the max number possible per combination. As it is mentally taxing, the effects are temporary.', NULL),
    ('Frenzy Fever', 'Science once again goes a step too far with the invention of a medicine that will give you the Frenzy virus. There is probably someone out there willing to try it... Um, that someone is not you, is it?', NULL),
    ('Castle Walls', 'Medicine that makes your body as hard as steel, raising your Defense. While in effect, damage taken is reduced and attacks will not knock you back, but you will be unable to dash for its duration.', NULL),
    ('Fortress Walls', 'Medicine that makes your body as hard as diamond, greatly raising Defense. You will take less damage and be impervious to abnormal statuses and blowbacks, but you will not be able to dash or evade for its duration.', NULL),
    ('Arisen Phoenix', 'Purifies the body and returns it to its natural state. Good, bad, it does not matter - all status effects are wiped clean and your Health is healed in proportion to the effects removed.', NULL),
    ('Ground Slash', 'Scrapes your Great Sword on the ground before rushing forward and unleashing a big shock wave. Get both the initial swing and the shock wave to hit your target and you will mete out massive damage.', 1),
    ('Lions Maw', 'Swings your Great Sword around your body with bloodthirsty force and raises the Attack power of the following strike. This hellish Art leaves hunters with a demonic look in their eyes... and the battlefield littered with corpses.', 1),
    ('Brimstone Slash', 'Builds up power with great fury, releasing a ground-splitting slash in the direction you choose. If you get attacked while using this Art, you will absorb the hit, and then execute a deadly counterattack.', 1),
    ('Moonbreaker', 'Leap into the air, then twist your body to channel all the energy into a downwards slash. Uses the swords weight to break body parts.', 1),
    ('Sakura Slash', 'A quick jump backwards gives momentum to two sweeping slashes. If the attack connected, the wounds inflicted will open in a spray of blood after a brief pause, and the Spirit Gauge will rise one level.', 2),
    ('Unhinged Spirit', 'Concentrates your spiritual power for a burst of Spirit as you swing your blade. Temporarily fills your Spirit Gauge to Max, allowing you to use Spirit Blade attacks without depleting the gauge.', 2),
    ('Critical Juncture', 'Passed on to the Guild from the Far East, this Hunter Art calms you and clears your mind, allowing you to parry a monsters attack. Upon a successful parry, you unleash a deadly counterattack.', 2),
    ('Devouring Demon', 'Grants you a temporary boost in Attack power. During this time, your Health will continue to drain, but can be restored by landing hits. The demons price for this pact is vitality itself; you must hunt, lest the demon exact its price from you.', 2),
    ('Sword Dance', 'Slashes your sword five times in a graceful, dance-like sequence. This Art is useful for dealing elemental damage to hard body parts, as you may continue attacking even if a hit is repelled.', 3),
    ('Round Force', 'A spin attack that slashes all targets surrounding you. During execution, you will be invulnerable to monster attacks, making it an effective evasive technique as well.', 3),
    ('Shoryugeki', 'After landing a slice attack, you thrust your shield into the air in an uppercut motion. A popular fighting move, the follow-up attack with your shield is strong enough to even Stun monsters.', 3),
    ('Chaos Oil', 'Charges forward and coats your blade in a special mixture that ignites on friction with your shield. Combines the effects of all other oils, purely because some lazy hunter did not want to apply them one by one. Can be used in combination with the existing oils.', 3),
    ('Blood Wind', 'With Dual Blades twirling, advance to slice through targets. You can change direction during execution twice.', 4),
    ('Aerial Slam', 'Rush off a ledge to perform a spinning attack. If the hit lands, you can follow up with an aerial drop attack.', 4),
    ('Wolfs Maw', 'A technique that has you succumb to a raw, animalistic rage, allowing you to deal two hits with a single swing. Requires the utmost trust in your skills.', 4),
    ('Spiral Slice', 'Leap forward in a corkscrew motion, blades ripping at a monsters soft parts. It takes more than technique and a well-trained body to perform this Hunter Art.', 4),
    ('Spinning Meteor', 'The powers of gravity and centrifugal force combine in a series of powerful, spinning Hammer attacks. The final blow is the most powerful, so time it carefully to land a hit right between a monsters eyes.', 5),
    ('Provoke', 'A taunt where you make yourself known by raising your weapon up in the air, momentarily upping the likelihood of monsters targeting you. The effect will wear off early if you leave the area.', 5),
    ('Typhoon Trigger', 'A spinning Hammer attack that takes a few swings to get going. Press the X Button while spinning to unleash a sharp uppercut. Forget to press the X Button and you will stumble.', 5),
    ('Impact Press', 'Adds a shockwave to Charged Attacks by focusing your spirit. The shockwave is formed when air rushes into the vacuum created by raising the hammer quickly after the moment of impact.', 5),
    ('Euphony', 'Triggers the effects of all playable Melodies. As this Art relies on a unique music scale in order to work, the effects bestowed from this Art will only apply to you.', 6),
    ('Sonic Smash', 'Perform a double-spin combo that ends in a smashing blow, emitting a soundwave. Ideal as a defensive tactic, too.', 6),
    ('Harmonize', 'A new type of Melody that affects the Hunting Horn itself, rather than the hunter. Notes are doubled for a limited time, even when an attack misses.', 6),
    ('Invigoration', 'Transforms your entire performance with the spirit of the hunt. While this Art is active, your Performances and Encores will begin with a quick dodge, with a small window of invulnerability.', 6),
    ('Shield Assault', 'A powerful charging shield attack that serves to defend even as you rush forward. Use this Art to close the distance between you and the monster, or to evade. Can be chained into other thrust attacks as well.', 7),
    ('Corkscrew Jab', 'Focuses your energy into a powerful drilling Lance attack. While you are defenseless during the charge up phase, the power dealt- if you manage to connect- is considerable.', 7),
    ('Enraged Guard', 'Raises your shield to block an incoming attack. When doing so, the power of the hit will be absorbed, raising your Attack. Risky to use, but the more powerful the blow, the more your Attack will increase.', 7),
    ('Healing Shield', 'An Art inspired by Oils and Healing Phials. Coats the Shield with a medicinal balm; when an attack is blocked, the medicine is scattered, restoring your Health and that of nearby allies.', 7),
    ('Dragon Blast', 'Expels a superhot vortex of twisting flames. Takes time to charge, but the explosive payoff is well worth it.', 8),
    ('Blast Dash', 'An innovative Art that uses shelling recoil to propel you forward, allowing you to close any gaps between you and your target. Capable of finishing with an Overhead Smash after you land.', 8),
    ('Dragon Breath', 'Quickly builds up heat within using the Wyverns Fire mechanism. Once activated, the Heat Gauge remains high, making shelling attacks stronger, though it is not a method craftsmen are likely to be thrilled about.', 8),
    ('AA Flare', 'Combats aerial targets with great firepower using the installed anti-air module. Begins by unloading a full volley into the air, and quickly follows up with Wyverns Fire if the Gunlance has not Overheated.', 8),
    ('Trance Slash', 'You switch repeatedly from axe to sword, delivering a furious combo ending with an Element Discharge. You can reorient yourself mid-combo, and you also retain the effects of Demon Riot, if it is active.', 9),
    ('Demon Riot', 'Takes the elemental energy within a Switch Axe and rather than unleashing it, keeps it sealed and pent up to a dangerous degree. Sword Mode attacks are stronger, but the Switch Gauge depletes over time.', 9),
    ('Energy Charge', 'An Art invented by an eccentric Hunter looking for a way to quickly Reload. It allows for a fast Reload of the Switch Axes Phial in either Mode, finishing with a horizontal swipe in Sword Mode.', 9),
    ('Tempest Axe', 'By masterfully gauging the axes weight, this Hunter Art allows a lightness of motion that borders on the impossible. It also adds a vertical slash to your repertoire, which utilizes the rapid swing momentum.', 9),
    ('Energy Blade', 'Converts the energy outputted from an Element Discharge into a blade of light. The number of charged phials affects both the length of the blade and its overall power.', 10),
    ('Limit Breaker', 'Raises the phial charge limit from the standard five units to seven, giving you more flexibility with moves that rely on them.', 10),
    ('Healing Phial', 'A Hunter Art that sees a Charge Blade gaining healing functionality. The energy stored in your phials is temporarily used to heal your Health, which can be done with an Elemental Boosted Roundslash.', 10),
    ('Ripper Shield', 'The shield attaches to the blade to form a high-speed cutting disk that mangles foes. The multi-stage shield attack greatly boosts blade attack energy, then uses that energy to replenish phials. Press the R Button to do a Shield Charge.', 10),
    ('Extract Hunter', 'Hurls your Kinsect with lightning speed towards a monster. The Kinsect will harvest all three Extracts: Red, White, and Orange. Note that the duration of Extract effects is short for this Art.', 11),
    ('Swarm', 'Summons a swarm of protective insects that take position around you, attacking any and all things that dare to get close to you. Be careful using it around allies.', 11),
    ('Bug Blow', 'Performs a vault after pulling off a combo attack to unleash an Overhead Smash from midair. Especially potent when used in tandem with the Swarm Art, as the insects are concentrated for a hard blow.', 11),
    ('Bug Majeure', 'A support art that calls forth a unique species of bug to awaken your Kinsect. This symbiosis grants more precise movement in exchange for your Kinsects stamina, and adds an additional high-speed spin to your Kinsect Spin Attacks.', 11),
    ('Bullet Geyser', 'After an initial backstep, fires a timed explosive onto the ground, the discharge sending you even further back. This Art works both as an attack and evasive technique.', 12),
    ('Full House', 'An Art passed down by a Gunner from a certain region. Reloads all the ammo you have on you, save for Specialized Rapid Fire ammo, in a single motion.', 12),
    ('Rapid Fire Rain', 'An Art that relies on special bullets that split up inside your weapon, giving you unprecedented rapid firing speeds. Autofires until the chamber empties, or you press the B Button to cancel.', 12),
    ('Charge Shot', 'Charges up the power of Normal S Lv1 ammo. Special gunpowder used in the Light Bowguns chamber catalyzes with the rounds, resulting in a controlled increase in attack power. There are three levels of charge and up to five rounds can be fired.', 12),
    ('Super Nova', 'An attack that uses specialized piercing ammo that travels a short distance before exploding midair. The blast is quite powerful, but if the ammo hits a wall or floor, it will not explode.', 13),
    ('Guns Blazing', 'A revolutionary technique that fires a canister above your head that showers you with a special stimulant. Boosts your movement and reload speeds, and also reduces recoil.', 13),
    ('Gunpowder Infusion', 'Loads special gunpowder into your Bowgun, increasing the power of your ammo for a set number of shots. Discovered by accident when a newbie Hunter loaded some lava rocks into their weapon...', 13),
    ('Void Piercer', 'Shoots an iron spike from the Heavy Bowgun. By igniting gunpowder, the resulting pressure launches the red-hot loading pin, which rips through the air and dealing Cutting damage. Firing becomes safer if a shield is attached.', 13),
    ('Triple Volley', 'Fire off arrows in groups of three, with the final shot being the strongest. Fires in the direction you were facing upon activation.', 14),
    ('Haste Rain', 'A revolutionary technique that fires an arrow above your head that showers you with a special stimulant. Temporarily raises movement and charge speed.', 14),
    ('Blade Wire', 'Binds two arrows together with wire to create a flying blade when fired. All non-Arc Shot and Power Shot charged arrows are swapped temporarily for cutting wire. Cannot be coated, but can sever a monsters tail.', 14),
    ('Tactical Retreat', 'This dual-purpose Art lets you dodge while drawing the bowstring and shooting behind you. Hold down the Charged Attack button to keep the bowstring drawn and save your attack for later. The shot is unaffected by distance.', 14);

INSERT INTO `locales` (name) VALUES
('Ancestral Steppe'),
('Arctic Ridge'),
('Arena'),
('Castle Shrade'),
('Desert'),
('Deserted Island'),
('Dunes'),
('Forlorn Citadel'),
('Fortress'),
('Frozen Seaway'),
('Ingle Isle'),
('Jungle'),
('Jurassic Frontier'),
('Marshlands'),
('Misty Peaks'),
('Moat Arena'),
('Polar Field'),
('Primal Forest'),
('Ruined Pinnacle'),
('Sacred Pinnacle'),
('Sanctuary'),
('Slayground'),
('Tower 3'),
('Verdant Hills'),
('Volcanic Hollow'),
('Volcano'),
('Wyverns End');


INSERT INTO `monsters` (name, type, deviant, small_monster, related_monsters, description) VALUES
("Altaroth", "Neopteron", false, true, NULL, "Insects that widely inhabit many areas. They absorb fruit, mushrooms, and honey, and then carry them back to their nest. Materials can thus be collected from their swollen abdomens, whose color is related to what they're carrying."),
("Anteka", "Herbivore", false, true, NULL, "Herbivores that live in cold climates. Generally docile, though they have been known to attack when threatened. Their high-quality pelts have many uses, and their antlers are highly prized by the Guild. Simply stun the creatures to easily harvest one."),
("Apceros", "Herbivore", false, true, NULL, "Desert-dwelling Herbivores covered in tough plating. Highly territorial and known to tirelessly chase any who enter their habitat, they are especially hostile toward hunters, who have made a practice of stealing eggs from their nests."),
("Aptonoth", "Herbivore", false, true, NULL, "Relatively docile herbivores with characteristic crest plates. They form herds and raise young communally, and have been used as pack animals for generations. Their meat is tasty and nutritious, and they're very cautious around large monsters."),
("Blango", "Fanged Beast", false, true, "Blangonga", "A Pelagus covered in entirely in white fur. Known to move in packs and led by a Blangonga. The Blangonga exerts tight control over the group, and any call to gather will be met immediately by the rank and file Blangos."),
("Bnahabra", "Neopteron", false, true, NULL, "Pervasive flying insects that attack invaders with paralyzing venom and lay eggs in carrion along with a fluid that hastens decomposition. It is best to kill them with poison so that their parts are left ripe for the carving."),
("Bullfango", "Fanged Beast", false, true, "Bulldrome", "Foul-tempered wild boars that charge toward hunters the moment they spot them. Fertile and wide-ranging, they have been known to form large herds. Their meat has an unique flavor beloved by many."),
("Ceanataur", "Carapaceon", false, true, "Shogun Ceanataur, Rustrazor Ceanataur", "An adolescent Carapaceon with an organic shell firmly placed on its back. Once grown, this shell will be replaced by a giant monster's skull. Mainly living in volcanic zones, it is very aggressive, and not to be underestimated."),
("Cephalos", "Piscine Wyvern", false, true, "Cephadrome", "The coloration of these piscine wyverns is well-suited to the deserts they inhabit. Excellent burrowers, they swim through the sand in packs, rarely surfacing. Their ears are highly developed; any impact caused by striking the ground forces them out of hiding."),
("Conga", "Fanged Beast", false, true, "Congalala", "Ape-like fanged beasts with pink fur. Conga prefer to live in smalls groups as oppposed to large packs and primarily inhabit warm, humid environments."),
("Felyne", "Lynian", false, true, "Melynx", "Bipedal creatures resembling cats, known for their light hair. Though usually docile, they will attack viciously if provoked. Naturally curious, some try to enter human society. They are fond of Felvine and will follow its scent anywhere."),
("Gargwa", "Bird Wyvern", false, true, NULL, "Flightless bird wyverns with vestigial wings, known to inhabit the Jurassic Frontier. Quite timid, Gargwa have been known to lay eggs when other creatures surprise them from behind. They are raised as livestock in numerous villages."),
("Genprey", "Bird Wyvern", false, true, "Gendrome", "Bird wyverns with a distinctive green-and-orange striped hide, Genprey live in packs in the Dunes and Primal Forest. Their claws and large fangs contain a paralyzing neurotoxin that they use to stun prey."),
("Giaprey", "Bird Wyvern", false, true, "Giadrome", "A species of small bird-like carnivores known to inhabit the Arctic Ridge. Their white skin is beautiful, but their temperament is not. They are known to spit ice at hunters, and attack in deadly packs."),
("Great Thunderbug", "Neopteron", false, true, NULL, "Thunderbugs can be used to make a variety of weapons and items, but these ones have grown to a monstrous size inside an elder dragon. They are imbued with formidable electric powers. They congregate at night and in caves where the sunlight doesn't reach."),
("Hermitaur", "Carapaceon", false, true, "Daimyo Hermitaur, Stonefist Hermitaur", "These small, hard-shelled Carapaceon creatures are common in the desert, where they frequently lie in wait under the sands, lashing out when prey happen past them. Their brains are prized as a delicacy."),
("Hornetaur", "Neopteron", false, true, NULL, "A Vespoid-like monster, but with a thicker shell. Easily damaged, there are rarely any usable materials left to harvest from them once killed. But if you could sap their Health gradually..."),
("Ioprey", "Bird Wyvern", false, true, "Iodrome", "A vivid red species of small carnivores often found in subtropical zones. Sacs in their throats contain a powerful poison that slowly drains the Health of their prey."),
("Jaggi", "Bird Wyvern", false, true, "Jaggia", "Highly social, carnivorous bird wyverns that live in large packs. Young Jaggi males hunt in groups when attacking larger animals and have been known to steal wyvern eggs. Research suggests they operate under orders from a single alpha male."),
("Jaggia", "Bird Wyvern", false, true, "Jaggi", "Female Jaggi that stay in packs, Jaggia generally live near the nest and are responsible for defending it and raising young. Smaller than mature males, but larger and tougher than the pack's countless young males. They also operate under orders from the alpha."),
("Kelbi", "Herbivore", false, true, NULL, "Small herbivores known for their gentle demeanor as well as medicinal properties of their horns. Those wishing to harvest a horn should stun the Kelbi with blunt attacks and then sever it while the animal is still alive."),
("Konchu", "Neopteron", false, true, NULL, "Neopterons that travel widely for food and can survive in almost any environment. Konchu roll into balls both to protect themselves and to fend off threats. Their sturdy shells are fairly easy to procure and are highly prized by armorers."),
("Larinoth", "Herbivore", false, true, NULL, "These giant herbivores are peaceful towards hunters unless their young are threatened. Their long necks let them eat hard-to-reach leaves and nuts, which they may drop if attacked while feeding, and eat constantly to maintain their size. They also have a unique sound-producing organs."),
("Ludroth", "Leviathan", false, true, "Royal Ludroth", "Aquatic female monsters. Ludroth form 'harems' around large males, gathering in territories designated as breeding grounds. They're known to be extremely aggressive towards outsiders, so caution is advised when treading in their territory."),
("Maccao", "Bird Wyvern", false, true, "Great Maccao", "Colorful red and green bird wyverns that live in large packs, they can be found mostly in the Jurassic Frontier. Though they attack prey aggressively with their strong legs, they are known to flee once their leader is in danger."),
("Melynx", "Lynian", false, true, "Felyne", "Bipedal creatures resembling cats, known for their dark hair. More curious than Felynes and possessed by kleptomania, Melynxes take what they steal back to their dens. Felvine intoxicates them, causing them to sometimes drop items."),
("Moofah", "Herbivore", false, true, NULL, "Small herbivores that can be found on the Deserted Island. Their soft, high-quality fur has been used since ancient times in clothing and ceremonial tools, and can be shaved off of them with cutting weapons. They are docile and raised as livestock in many regions."),
("Mosswine", "Herbivore", false, true, NULL, "Wild pigs covered in moss and fungus. Sometimes you will even find mushrooms growing on them. Their meat is known as a delicacy, and although normally docile, they will charge when provoked."),
("Popo", "Herbivore", false, true, NULL, "Herd-forming herbivores covered in thick fur to endure the cold. Popo are gentle, but known to use their massive tusks bravely when defending their young. Popo meat is very nutritious; the tongue is said to be especially palatable."),
("Remobra", "Snake Wyvern", false, true, NULL, "Small but agile flying wyverns that seek out weakened creatures to attack. Often seen near elder dragons, they're considered a portent of disaster. The discovery of Najarala led to their reclassification as Snake Wyverns."),
("Rhenoplos", "Herbivore", false, true, NULL, "Extremely territorial herbivores with poor vision but acute hearing, Rhenoplos will doggedly pursue any target they sense. They often run into boulders, perhaps because they cannot easily stop once they break into a run."),
("Slagtoth", "Herbivore", false, true, NULL, "Herbivores that live in coastal areas. Their heavy, sagging hides store nutrients and are prized for their heat and water resistance. The males are quite territorial, often refusing to flee from even invading wyverns."),
("Uroktor", "Leviathan", false, true, "Agnaktor", "Leviathans that inhabit volcanoes. Noted for swarming around larger monsters' kills in order to feed. Uroktor rarely hunt for themselves, but stab upward at prey from the ground when they do. Known for being highly aggressive."),
("Velociprey", "Bird Wyvern", false, true, "Velocidrome", "Aggressive, carnivorous monsters that often travel and hunt in packs -- even master hunters are careful to not let themselves get surrounded by these predators. In this region, they're known to inhabit the Verdant Hills and the Primal Forest."),
("Vespoid", "Neopteron", false, true, NULL, "An enormous, wasp-like insectoid with a poisonous stinger that paralyzes prey. Easily damaged, there are rarely any usable parts left to harvest from them once they are killed. But if you could sap their Health gradually..."),
("Zamite", "Amphibian", false, true, "Zamtrios", "Juvenile Zamtrios that use their sharp teeth to pierce the hide of their prey and then burrow inside to consume them from within; those who are attacked must roll around vigorously to shake the monster off. Zamite grow rapidly after even a single feeding."),
("Agnaktor", "Leviathan", false, false, "Uroktor", "Also known as fire-pike wyverns, Agnaktor use their tough beaks and great strength to burrow effortlessy through rock, and can even burrow into ceilings. Their hardened-lava armor becomes even harder when cooled forming an almost impenetrable armor."),
("Akantor", "Flying Wyvern", false, false, "Ukanlos", "A wyvern shrouded in mystery and known by many names -- 'the black god' to some, 'the tyrant of fire' to others, but usually called 'Akantor' by the Guild. Its giant spines and tusks make for a fearsome sight in the volcanic areas it frequents."),
("Arzuros", "Fanged Beast", false, false, "Redhelm Arzuros", "Beasts known to dwell in humid forest and mountain regions. Though known more for fishing and standing upright to collect honey, their thick claws and heavy forearm plating allow them to deliver powerful blows to any aggressor."),
("Redhelm Arzuros", "Fanged Beast", true, false, "Arzuros", "A ruffian known for its wild, red mane of hair. Unrivaled in its cruelty, sightings of a Redhelm near human settlements is a serious call for alarm, though very few can handle hunting it. As it's far more likely for a would-be hunter to end up as its lunch, it requires special permission to hunt."),
("Astalos", "Flying Wyvern", false, false, "Boltreaver Astalos", "Known as the 'Thunder Wyvern', Astalos can charge itself with electricity from the furious movements of its wings, tail and crest. In its charged state, the membrane in its wings take on a beautiful glow that only barely offsets the terrible nature of this monster."),
("Boltreaver Astalos", "Flying Wyvern", true, false, "Astalos", "Whoever gets caught in the lightning shot by the unique Boltreaver Astalos will vanish without a trace, leaving only their shadow behind. The electrical properties of its shell allow it to glide through the air and create electromagnetic charges that can be used in chasing down prey. Requires special permission to hunt."),
("Ahtal-Ka", "Neopteron", false, false, "Ahtal-Neset", "The golden empress of praying mantises resides in a huge, ruined castle. She flattens towns and fortresses, and uses the wreckage to build her lair ever larger. It's rumored that the Empress's Throne, as it is known, is strewn with golden cocoons and webbing, which contain stolen treasures."),
("Ahtal-Neset", "???", false, false, "Ahtal-Ka", "N/A"),
("Barioth", "Flying Wyvern", false, false, NULL, "Wyverns that rule the eternally frozen Tundra. Barioth use their huge tusks and spiked scales to move freely atop the slippery ice; this ability makes them very difficult to keep up with."),
("Barroth", "Brute Wyvern", false, false, NULL, "Perhaps in order to shield itself from hot temperatures, this monster is most often seen lurking beneath pools of mud. It has also been known to use the mud it cloaks itself in as a means of attacking, so exercise caution. Somewhat fastidious about its swamp, should the marsh be disturbed in any way, it will rush with reckless abandon towards the perpetrator."),
("Basarios", "Flying Wyvern", false, false, "Gravios", "These juvenile Gravios are famous for their rock-hard carapaces. They often borrow underground, mimicking rocks and savaging oblivious miners. They are known to emit poison gases and are especially weak against bombs."),
("Blangonga", "Fanged Beast", false, false, "Blango", "Leader of a Blango pack, it is twice as large and recognized by its giant fangs and whiskers. It sends its pack to attack any trespassers. Its jumping power allows it great mobility in its home range of the Arctic Ridge."),
("Brachydios", "Brute Wyvern", false, false, "Raging Brachydios", "Brute wyverns coated with an explosive green substance, a material that is thought to be a unique slime mold that is primed to explode by an element in the monster's saliva. They are also capable of powerful foreleg strikes."),
("Raging Brachydios", "Brute Wyvern", false, false, "Brachydios", "A Brachydios variant that is much larger than the normal species. The slime on its body will activate over time and detonate."),
("Bulldrome", "Fanged Beast", false, false, "Bullfango", "Bulldrome are the imposing leaders of Bullfango packs, notable for their impressive tusks and large bodies. More aggressive than a Bullfango, it is known to ram into its foes, and is extremely proficient at tracking them."),
("Cephadrome", "Piscine Wyvern", false, false, "Cephalos", "The leaders of Cephalos herds, these individuals are set apart by their larger size and hard, black scales. Like their smaller counterparts, they have excellent hearing, making them sensitive to loud noises. Their fins also secrete a paralytic agent."),
("Congalala", "Fanged Beast", false ,false, "Conga", "A large fanged beast with pink fur, often found in warm, damp regions. Fond of mushrooms, Congalalas possess either poisonous or flaming breath, depending on the food available in their local habitat."),
("Daimyo Hermitaur", "Carapaceon", false, false, "Hermitaur, Stonefist Hermitaur", "This large Carapaceon wears a massive monster skull on its back, and uses its large pincers and bubble breath to attack prey. When in danger, it uses its hardened pincers to form a tough shield that repels attacks."),
("Stonefist Hermitaur", "Carapaceon", true, false, "Hermitaur, Daimyo Hermitaur", "The 'Stonefist' is a Hermitaur with an enlarged left pincer which doubles as a sturdy black shield. Its armor causes blades to shatter, and for shots to bounce off, filling the Hunter with holes instead. Requires special permission to hunt."),
("Deviljho", "Brute Wyvern", false, false, "Savage Deviljho", "The dreaded, nomadic Deviljho have no specific territory of their own. Their muscles swell if provoked, revealing old wounds. They need to feed constantly due to high body heat and can hunt nearby animals to extinction."),
("Savage Deviljho", "Brute Wyvern", false, false, "Deviljho", "A mutated Deviljho variant, driven mad by its overpowering hunger. It will attempt to feed on all it sees."),
("Diablos", "Flying Wyvern", false, false, "Bloodbath Diablos", "A desert wyvern that takes its name from the giant horns that crown its head. Like Monoblos, the Diablos charges its prey or strikes from underground, moving more quickly once it is angered. Their sensitive ears make them susceptible to Sonic Bombs."),
("Bloodbath Diablos", "Flying Wyvern", true, false, "Diablos", "A desert legend tells of the brave armies sent out against the unimaginable cruelties that had besieged their cities and nations. None of them returned alive, and only the sands remained as witnesses of their efforts. This story has no hero or happy ending, only the wyvern known as 'Bloodbath'. Requires special permission to hunt."),
("Duramboros", "Brute Wyvern", false, false, NULL, "Giant brute wyverns with hammer-like growths on their tails. They subsist on fallen or withered trees, often using their tails to knock said trees over. Researchers speculate that the lumps on their backs act as some sort of energy source."),
("Gammoth", "Fanged Beast", false, false, "Elderfrost Gammoth", "Found in the most frigid regions of the world, Gammoths are behemoths with massive tusks. Though they are herbivores, when provoked they will leverage their enormous weight and trunks to crush a threat. They can also shatter the snow covering their legs to damage nearby foes."),
("Elderfrost Gammoth", "Fanged Beast", true, false, "Gammoth", "A Gammoth so gargantuan, ancient and strong that it may be mistaken for the foot of a mountain. Its great age and mountain home have given it the nickname 'Elderfrost'. Very few people have ever seen it fight, but it sometimes causes wild blizzards that race down the mountain and ravage the plains. Requires special permission to hunt."),
("Gendrome", "Bird Wyvern", false, false, "Genprey", "Alpha monsters that lead Genprey packs. Larger than their brothers and with a more prominent crest, Gendrome use the venom in their highly evolved fangs and claws to paralyze their prey."),
("Giadrome", "Bird Wyvern", false, false, "Giaprey", "Alpha monsters that lead Giaprey packs. They sport splendid crests and are much bigger than Giaprey they lead. They spit ice with deadly accuracy, and woe betide the Hunter who gets caught in it."),
("Glavenus", "Brute Wyvern", false, false, "Hellblade Glavenus", "A brute wyvern that can bring its mighty tail down on foes like a massive sword, decimating them in an explosion of flames created from the volatile components found in its scales. If its tail dulls from accumulated soot, a Glavenus will use its fangs to resharpen it."),
("Hellblade Glavenus", "Brute Wyvern", true, false, "Glavenus", "A Glavenus whose intense heat is akin to an active volcano. It can blast apart stone with a single breath, and incinerate mountains with a single swipe of its red-hot tail. The 'Hellblade' requires a special permission to hunt."),
("Gore Magala", "???", false, false, "Shagaru Magala, Chaotic Gore Magala", "A bizarre wyvern that, when threatened, scatters pollen-like scales that heighten its own senses while causing detrimental effects to any other creatures that inhale them. As elusive as it is mysterious."),
("Chaotic Gore Magala", "???", false, false, "Shagaru Magala, Gore Magala", "Gore Magala that have fallen into chaos, having been denied their evolution into Shagaru Magala. They maintain their original power, while possessing the potential of Shagaru Magala, making them incredibly unstable. Sometimes this leads them to fall into a state of anguish and violence. When attacking their prey, they repeatedly fold and unfurl their wings, as if to show their internal struggle with their own form."),
("Gravios", "Flying Wyvern", false, false, "Basarios", "Large wyverns found in volcanic areas. They possess a fiery breath attack and the ability to emit sleeping gas. Their bony carapaces are extremely tough, but expose a surprisingly brittle interior once destroyed."),
("Great Maccao", "Bird Wyvern", false, false, "Maccao", "Leader of the pack-hunting Maccao, the Great Maccao is easily spotted by its large size and feather-like yellow crest. It can balance on its tail and spring forward for a deadly strike, but when weakened, its lesser Maccao cousins are quick to turn tail and run."),
("Gypceros", "Bird Wyvern", false, false, NULL, "Wyverns that can generate disorienting flashes of light by striking their prominent crests. Their rubbery hides resist blunt impacts and makes Shock Traps less effective. Beware: The poisonous saliva they spit can flow down slopes."),
("Iodrome", "Bird Wyvern", false, false, "Ioprey", "Alpha monsters that lead Ioprey packs. Larger than their brothers and with a more prominent crest, Iodrome spit a poison that slowly saps the life from their prey. They are found primarily in subtropical zones."),
("Kecha Wacha", "Fanged Beast", false, false, NULL, "Fanged beasts with limbs adapted for swinging through forests and membranes on their forelegs for gliding. When provoked, they shield their faces with giant ears, blocking out any loud noises or bright light."),
("Khezu", "Flying Wyvern", false, false, NULL, "Loathsome wyverns that dwell in caves and other dark places. All but blind, Khezu hunt by smell, using electric shocks to paralyze their prey before pouncing on them from the walls or ceiling."),
("Lagiacrus", "Leviathan", false, false, NULL, "Leviathans that exist at the top of the aquatic food chain. Feared by sailors as the 'Lords of the Seas', Lagiacrus store enough electricity in their spinal organs to make the oceans surge. Occasionally they can be found resting on land as well."),
("Lagombi", "Fanged Beast", false, false, "Snowbaron Lagombi", "Fanged beasts whose warm pelts and thick layers of fat help them survive in cold climates. Though mainly herbivores, Lagombi occasionally make use of their exceptional hearing and ability to glide on ice to sneak up on prey."),
("Snowbaron Lagombi", "Fanged Beast", true, false, "Lagombi", "The outlaw of the frozen wasteland, the 'Snowbaron' can be found jauntily sliding around any territory that it has claimed as its own. Its playful antics, however, can mean one more village buried under an avalanche. A dangerous foe that requires special permission to hunt."),
("Lavasioth", "Piscine Wyvern", false, false, NULL, "A piscine wyvern that resides in magma. Its scales are covered by layers of cooled magma, providing it with formidable defense. It swims around in lava, sucking in molten rock to spew at its prey. Its peculiar biology makes it a popular research subject."),
("Malfestio", "Bird Wyvern", false, false, "Nightcloak Malfestio", "A bird wyvern which is most at home in the dark. It catches prey with its wings and talons. Its pivoting neck is characteristic, and it's worth a look to see it turned completely around to look behind itself. Scales in its wings can scatter a pollen that can cause confuse its foes."),
("Nightcloak Malfestio", "Bird Wyvern", true, false, "Malfestio", "This huge bird wyvern with its twilight-colored wings uses special scales to refract light and hide itself from its prey. This is why it's also known as 'Nightcloak'. Whoever or whatever sees it, be they monster or human, stands no chance of survival. Requires special permission to hunt."),
("Mizutsune", "Leviathan", false, false, "Soulseer Mizutsune", "A specially evolved Leviathan with a sleek, lithe body. Mizutsune can secrete a peculiar fluid that covers its foes in immobilizing bubbles. Once its foe's movement is impaired, it closes in with spry, dance-like movements."),
("Soulseer Mizutsune", "Leviathan", true, false, "Mizutsune", "A Mizutsune that has lost its eyesight but adapted to use its bubbles as another sense. Rumor says that the malice of an undying grudge burns within its closed eyes. Those it catches in its bubbles know the true meaning of its nickname, 'Soulseer'. Requires special permission to hunt."),
("Najarala", "Snake Wyvern", false, false, NULL, "A monster that stuns its prey with vibrations from its scales, then wraps around and constricts its victims. Should a Najarala start to coil around you, a quick escape or quick kill are your only chances of survival."),
("Nargacuga", "Flying Wyvern", false, false, "Silverwind Nargacuga", "Flying wyverns that have evolved to live in thickly wooded areas. These sly beasts stalk their prey from the shadows with ferocious speed and dogged tenacity. Their massive tails are as dexterous as they are deadly, and powerful enough to slay smaller monsters with one strike."),
("Silverwind Nargacuga", "Flying Wyvern", true, false, "Nargacuga", "White streaks like polish on a blade. Flashes from a tail that cleave the earth, sunder rock, and split the sky. The 'Silverwind' summons a gale that slices. The careless fool is unaware, until his head falls cleanly from his shoulders. Requires special permission to hunt."),
("Nerscylla", "Temnoceran", false, false, NULL, "A Temnoceran that spins webs to defend territory and hunt prey. They bind foes that have been weakened by ailments and devour them with giant mandibles. They are fond of wearing the hides left by the Gypceros prey they consume."),
("Nibelsnarf", "Leviathan", false, false, NULL, "Leviathans that have adapted to live in sandy areas. They burrow beneath the desert and locate prey aurally, then suck both the target and any surrounding sand into their maws. The gill-like organs in their mouths are thought to absorb nutrients."),
("Plesioth", "Piscine Wyvern", false, false, NULL, "Giant piscine wyverns which can be spotted near bodies of water. Where wings would be found on other wyverns, it has developed fins specialized for swimming, and, as a result, cannot fly. Despite its fish-like appearance, it is just as comfortable on land."),
("Rajang", "Fanged Beast", false, false, "Furious Rajang", "An ultra-aggressive creature that is rarely sighted and seldom survived. Survivors report it exhibits a strange attack. The Rajang is said to be a loner, and this isolated life has made it difficult to pin down its territorial leanings."),
("Furious Rajang", "Fanged Beast", false, false, "Rajang", "Furious Rajang are Rajang variants that are covered in golden fur. Normally Rajang return to their black-furred state after being agitated for a time to conserve energy, but these beasts have lost their ability to curb their anger. Outclassing the standard Rajang's attack power, they assault with seething rage. At the apex of their fury they become enraged and turn into destructive demons with electrified manes."),
("Rathalos", "Flying Wyvern", false, false, "Silver Rathalos, Dreadking Rathalos, Rathian, Gold Rathian, Dreadqueen Rathian", "Terrible wyverns called 'Kings of the Skies'. Along with Rathians, they stake wide territories centered around their nests. Rathalos descend on invaders from the sky, attacking with poison claws and breath of fire."),
("Dreadking Rathalos", "Flying Wyvern", true, false, "Rathalos, Silver Rathalos, Rathian, Gold Rathian, Dreadqueen Rathian", "Even among the rulers of the sky, the 'Dreadking' is truly the king of kings. A giant, supported by wings as black as the scorched remains of its prey. Humans are usually unworthy of its attention, but it descends with fiery wrath upon intruders to its domain. Requires special permission to hunt."),
("Silver Rathalos", "Flying Wyvern", false, false, "Rathalos, Dreadking Rathalos, Rathian, Gold Rathian, Dreadqueen Rathian", "A rare variant of Rathalos with a beautiful silver body reminiscent of the sun. Little is known about their behavior or physiology -- including the source of their rich silver sheen."),
("Rathian", "Flying Wyvern", false, false, "Gold Rathian, Dreadqueen Rathian, Rathalos, Silver Rathalos, Dreadking Rathalos", "Fire-breathing female wyverns, also known as the 'Queens of the Land'. With powerful legs and poison-secreting tails, they hunt mainly on the ground. Sometimes seen preying as a couple, Rathians and Rathalos cooperate well."),
("Dreadqueen Rathian", "Flying Wyvern", true, false, "Rathian, Gold Rathian, Rathalos, Silver Rathalos, Dreadking Rathalos", "Every rose has its thorns. The 'Dreadqueen's' thorns are barbs full of deadly venom, and they can scatter a purple cloud of suffocating death in any area she alights. She blooms proud and alone amidst her own desolation. Requires special permission to hunt."),
("Gold Rathian", "Flying Wyvern", false, false, "Rathian, Dreadqueen Rathian, Rathalos, Silver Rathalos, Dreadking Rathalos", "A rare variant of Rathian with a beautiful golden body reminiscent of the moon. Little is known about their behavior or physiology -- including the source of their rich golden sheen."),
("Royal Ludroth", "Leviathan", false, false, "Ludroth", "Royal Ludroth use their sponge-like neck scales to absorb water and keep from drying out on land. Once the sponge loses moisture, they attempt to re-enter the water. They also spew mucus to trip up their prey."),
("Seltas", "Neopteron", false, false, "Seltas Queen", "A medium-sized Neopteron that use swift aerial movements to attack invaders on the ground. It can also store a corrosive liquid inside itself, which it can shoot from its stinger-shaped abdomen."),
("Seltas Queen", "Neopteron", false, false, "Seltas", "Unable to fly by themselves, these wingless female Neopterons release pheromones to lure in male Seltas to serve as thralls. Seltas Queens possess a hard carapace, which they use to protect their vulnerable abdomens and mucus-spewing maws, which are vulnerable when exposed."),
("Seregios", "Flying Wyvern", false, false, NULL, "An elusive breed of wyvern only rarely spotted throughout the lands in recent years. Known for its ability to launch razor-edged scales, and for its powerful legs and talons which it uses to latch itself onto its prey."),
("Shogun Ceanataur", "Carapaceon", false, false, "Ceanataur, Rustrazor Ceanataur", "A large Carapaceon with a giant monster's skull on its back. Its long, sharp pincers allow it to pierce volcanic bedrock and travel along ceilings. Sometimes, a precious and valuable pearl can be found inside its shell."),
("Rustrazor Ceanataur", "Carapaceon", true, false, "Ceanataur, Shogun Ceanataur", "The Rustrazor Ceanataur uses its huge pincers and the shell on its back to attack any assailants. From its Gravios shell it shoots jets of water that drill into the ground, and its Glavenus-shaped pincers can shear through steel. This two-sided nature makes it a force to be reckoned with, and earned it the name 'Rustrazor'. Requires special permission to hunt."),
("Tetsucabra", "Amphibian", false, false, "Drilltusk Tetsucabra", "Amphibians with unique jaws and tusks that they use to sift through rocks for prey. They use their powerful hind legs to traverse steep terrain. It can also use the large boulders it digs up to obstruct a predator's vision and make a hasty retreat."),
("Drilltusk Tetsucabra", "Amphibian", true, false, "Tetsucabra", "An exceptionally large Tetsucabra with tusks that can drill through earth, or even metal. If the Drilltusk weren't constantly shattering boulders on its enemies or trying to crush them with its weight, one could almost appreciate the masterful way it digs. Requires special permission to hunt."),
("Tigrex", "Flying Wyvern", false, false, "Grimclaw Tigrex", "Flying wyverns whose primitive origins are obvious. Prone to violence, they display incredible ferocity with their claws, jaws, and developed limbs. They inhabit a wide area searching for prey, and have even been spotted in regions of harsh cold."),
("Grimclaw Tigrex", "Flying Wyvern", true, false, "Tigrex", "Highly developed physical strength lets it trample anything in its way, and its raw power overwhelms the so-called technological strengths that humans have spent centuries cultivating. Even veteran hunters shudder at its name, 'Grimclaw'. Requires special permission to hunt."),
("Ukanlos", "Flying Wyvern", false, false, "Akantor", "An enigmatic dragon sighted only deep within the most remote extremes. Its jaws are capable of crushing ice and rock alike. The natives of one region claim its appearance mirrors that of the white god of their legends."),
("Uragaan", "Brute Wyvern", false, false, "Crystalbeard Uragaan", "An enigmatic dragon sighted only deep within the most remote extremes. Its jaws are capable of crushing ice and rock alike. The natives of one region claim its appearance mirrors that of the white god of their legends."),
("Crystalbeard Uragaan", "Brute Wyvern", true, false, "Uragaan", "A living treasure trove of precious jewels, famous in the lore of miners and said to bring good fortune should you manage to even lay your eyes upon it. Some have tried to slay the 'Crystalbeard' for its treasure, only to be crushed by its glittering fury. Requires special permission to hunt."),
("Velocidrome", "Bird Wyvern", false, false, "Velociprey", "Alpha monsters that lead Velociprey packs. Larger than their brothers and with a more prominent crest, Velocidrome use their strong hind legs to leap at prey, pinning them with sharp claws before calling for others."),
("Volvidon", "Fanged Beast", false, false, NULL, "Fanged beasts with thick red carapaces that are resistant to lava. Their rounded bodies are perfect for rolling across hot surfaces, and their long tongues are ideal for capturing insect prey. Their saliva emits a paralyzing toxin that should be avoided."),
("Yian Garuga", "Bird Wyvern", false, false, "Deadeye Yian Garuga", "A close relative of the Yian Kut-Ku known for its hard black scales and tufts of white mane. More belligerent that its flighter cousins, these clever monsters are known to rationally observe their prey, even when angered. They are not to be taken lightly."),
("Deadeye Yian Garuga", "Bird Wyvern", true, false, "Yian Garuga", "The 'Deadeye' is a battle-scarred veteran of countless duels to the death. Its one-eyed gaze burns with the fervor of a thousand victorious fights. A famous hunter once said: 'That's the only feller with a better HR than me!' Requires special permission to hunt."),
("Yian Kut-ku", "Bird Wyvern", false, false, NULL, "A bird wyvern with a huge beak and large ears that splay open when it is angered. Quick on its feet, and known to be territorial. It's known for its love of Konchu, and has been observed digging them up out of the ground to swallow them whole."),
("Zamtrios", "Amphibian", false, false, "Zamite", "Amphibians that strike from frozen waters, using the cold to stun their prey. They secrete a special liquid that both coats their own body with icy armor and freezes any nearby foes. Frogs are their favorite food."),
("Zinogre", "Fanged Wyvern", false, false, "Thunderlord Zinogre", "Fanged wyverns whose bodies are streaked with electricity. Sharp claws and strong limbs allow them to thrive in mountainous terrain. During hunts, they gather numerous Thunderbugs to boost their power and enter a supercharged state."),
("Thunderlord Zinogre", "Fanged Wyvern", true, false, "Zinogre", "A Zinogre robed in lightning: the King of the Thunder Wolves is a legend. 'With one howl, the heavens loose a thousand flashes, and ten thousand peals of thunder. Approach it not, anger it not -- for the wrath of the 'Thunderlord' shows no mercy.' Requires special permission to hunt."),
("Alatreon", "Elder Dragon", false, false, NULL, "Blazing black dragons, so named for resembling both lightning and darkness. They mercilessly tear apart whoever touches their sharp scales. Elementally unstable, their actions can affect the very weather. Living natural disasters."),
("Amatsu", "Elder Dragon", false, false, NULL, "A legendary elder dragon spotted on Sacred Pinnacle. An avatar of storms in the folklore of Yukumo Village, Amatsu's appearance is accompanied by furious cyclones and horrific storms. Its fearsome power is said to outscale that of natural disasters."),
("Chameleos", "Elder Dragon", false, false, NULL, "Precious few sightings of this elder dragon have been recorded, leading to claims it can vanish into its environment like a chameleon -- hence its name. Witnesses report that it can spew a fog-like breath, which seems to come out of nowhere."),
("Fatalis", "Elder Dragon", false, false, "White Fatalis, Crimson Fatalis", "Stories of this legendary dragon date back to antiquity. Many skilled hunters have sought to challenge it, but none have ever returned. A monster shrouded in mystery..."),
("Crimson Fatalis", "Elder Dragon", false, false, "Fatalis, White Fatalis", "N/A"),
("White Fatalis", "Elder Dragon", false, false, "Fatalis, Crimson Fatalis", "N/A"),
("Kirin", "Elder Dragon", false, false, NULL, "Elder dragons so rarely sighted that little is known of their ecology, though everyone knows of the high prices Kirin parts fetch. It's been said they are one with lightning itself, and that their bodies becomes clothed in pure electricity when they are provoked."),
("Kushala Daora", "Elder Dragon", false, false, NULL, "It's difficult to even get close to one of these metallic dragons, but some claim better odds if the creature is weakened with poison, or has another hunter on its back, limiting the amount of wind pressure it can muster."),
("Lao-Shan Lung", "Elder Dragon", false, false, NULL, "A giant dragon that has only been rarely sighted. It periodically prowls close to inhabited areas, and the damage it causes is comparable to that wreaked by a natural disaster. Its habits are a mystery, and no one knows why it occasionally wanders. The Guild has built defensive barricades where they appear, but to what effect."),
("Nakarkos", "Elder Dragon", false, false, NULL, "Frighteningly little is known about this elder dragon whose appetite can devastate surrounding ecosystems. After covering its prey in a repulsive mucus, it has been seen dragging them back to feast in its macabre nest of bones and undulating darkness known as Wyvern's End."),
("Shagaru Magala", "Elder Dragon", false, false, "Gore Magala, Chaotic Gore Magala", "The distinctive radiant light of this mature Gore Magala has been seen in the Sanctuary of Heaven's Mount. Some believe Shagaru Magala was the 'foul wind that withered a mountain,' a calamity spoken of in ancient texts."),
("Teostra", "Elder Dragon", false, false, NULL, "Brutal elder dragons clothed in flame that spit blazing fire. Teostra are of such a fierce and deadly nature that the Guild keeps track of their movements whenever possible."),
("Valstrax", "Elder Dragon", false, false, NULL, "An elder dragon that soars at very high altitudes far from human habitation. Its flaming red wings are often the only visible sign of it, giving rise to its nickname, the Argent Comet. Those wings aren't just for flying, though, and are easily used to stab, rend and blow away its enemies. Occasionally, one can find the scorched shells it has left behind.");

INSERT INTO `monster_locales` (monster_id, locale_id) VALUES 
(1, 6), (1, 26), (1, 15), (1, 1), (1, 18), (1, 10), (1, 25), (1, 7), (1, 13), (1, 19),
(2, 2),
(3, 5), (3, 26),
(4, 1), (4, 24), (4, 14), (4, 19),
(5, 2),
(6, 6), (6, 15), (6, 1), (6, 18), (6, 10), (6, 25), (6, 7), (6, 13), (6, 19),
(7, 12), (7, 26), (7, 6), (7, 15), (7, 24), (7, 14), (7, 2), (7, 19),
(8, 26), (8, 14), (8, 19),
(9, 5), (9, 7),
(10, 12), (10, 18), (10, 13), (10, 14), (10, 19),
(11, 1), (11, 2), (11, 5), (11, 6), (11, 7), (11, 10), (11, 12), (11, 13), (11, 14), (11, 15), (11, 18), (11, 19), (11, 24), (11, 25), (11, 26),
(12, 15), (12, 1), (12, 13),
(13, 5), (13, 18), (13, 7), (13, 14),
(14, 10), (14, 2),
(15, 12), (15, 5), (15, 19),
(16, 12), (16, 5), (16, 6), (16, 18), (16, 7), (16, 14), (16, 19),
(17, 12), (17, 14), (17, 24),
(18, 26), (18, 18), (18, 25), (18, 7), (18, 14),
(19, 6), (19, 15), (19, 1), (19, 7), (19, 13),
(20, 6), (20, 15), (20, 1),
(21, 12), (21, 26), (21, 6), (21, 15), (21, 1), (21, 18), (21, 25), (21, 7), (21, 13), (21, 24), (21, 14),
(22, 1), (22, 18), (22, 10), (22, 24), (22, 7), (22, 19),
(23, 13),
(24, 6), (24, 15),
(25, 1), (25, 13), (25, 19),
(26, 1), (26, 2), (26, 5), (26, 6), (26, 7), (26, 10), (26, 12), (26, 13), (26, 14), (26, 15), (26, 18), (26, 19), (26, 24), (26, 25), (26, 26),
(27, 6),
(28, 12), (28, 24), (28, 14),
(29, 10), (29, 2),
(30, 12), (30, 5), (30, 26), (30, 1), (30, 10), (30, 25), (30, 7), (30, 19),
(31, 1), (31, 25), (31, 7), (31, 13),
(32, 18), (32, 25), (32, 19),
(33, 26), (33, 25),
(34, 12), (34, 18), (34, 24),
(35, 12), (35, 5), (35, 26), (35, 7), (35, 24), (35, 14), (35, 2),
(36, 2), (36, 10),
(37, 26), (37, 25),
(38, 11),
(39, 23), (39, 6), (39, 15), (39, 19),
(40, 6), (40, 15), (40, 12), (40, 23), (40, 20),
(41, 24), (41, 1), (41, 14), (41, 23), (41, 12), (41, 19), (41, 21), (41, 6),
(42, 24), (42, 1), (42, 14), (42, 11), (42, 21),
(43, 8),
(44, 8),
(45, 2), (45, 10), (45, 17),
(46, 6), (46, 5), (46, 7),
(47, 26), (47, 25), (47, 14), (47, 19),
(48, 2),
(49, 26), (49, 6), (49, 10), (49, 25),
(50, 11),
(51, 12), (51, 23), (51, 15), (51, 17), (51, 14), (51, 2), (51, 19),
(52, 5), (52, 7),
(53, 12), (53, 18), (53, 13), (53, 14), (53, 19),
(54, 12), (54, 5), (54, 6), (54, 18), (54, 7), (54, 19),
(55, 6), (55, 7), (55, 23), (55, 5), (55, 11),
(56, 12), (56, 26), (56, 6), (56, 15), (56, 1), (56, 18), (56, 10), (56, 25), (56, 7), (56, 13), (56, 24), (56, 19),
(57, 6), (57, 15), (57, 1), (57, 18), (57, 10), (57, 25), (57, 7), (57, 2), (57, 24), (57, 26), (57, 5), (57, 17),
(58, 5), (58, 6), (58, 7),
(59, 5), (59, 7), (59, 11),
(60, 15), (60, 6), (60, 14), (60, 12),
(61, 2), (61, 10), (61, 17), (61, 23),
(62, 2), (62, 10), (62, 17),
(63, 5), (63, 23), (63, 18), (63, 7),
(64, 2), (64, 10),
(65, 12), (65, 5), (65, 26), (65, 23), (65, 25), (65, 11), (65, 13),
(66, 13), (66, 12), (66, 26), (66, 25), (66, 11), (66, 7), (66, 5), (66, 23),
(67, 6), (67, 1), (67, 18), (67, 21), (67, 23), (67, 13),
(68, 1), (68, 19), (68, 18),
(69, 26), (69, 18), (69, 25), (69, 11), (69, 14), (69, 19),
(70, 13), (70, 1), (70, 19),
(71, 12), (71, 1), (71, 18), (71, 13), (71, 24), (71, 14), (71, 19),
(72, 26), (72, 18), (72, 25), (72, 11), (72, 14),
(73, 1), (73, 18),
(74, 10), (74, 14), (74, 2),
(75, 6), (75, 12), (75, 15), (75, 19),
(76, 2), (76, 10),
(77, 2), (77, 10), (77, 17),
(78, 26),
(79, 6), (79, 18), (79, 13), (79, 19),
(80, 6), (80, 18), (80, 13), (80, 9), (80, 21),
(81, 12), (81, 23), (81, 15), (81, 20), (81, 18), (81, 19),
(82, 15), (82, 18), (82, 12), (82, 20),
(83, 24), (83, 14), (83, 18),
(84, 12), (84, 23), (84, 6), (84, 15), (84, 21), (84, 13),
(85, 6), (85, 15), (85, 12), (85, 13), (85, 23), (85, 20), (85, 21),
(86, 18), (86, 14),
(87, 7), (87, 5),
(88, 12), (88, 5), (88, 6), (88, 15), (88, 19),
(89, 5), (89, 26), (89, 23), (89, 1), (89, 18), (89, 10), (89, 25), (89, 21), (89, 11), (89, 7), (89, 13), (89, 2),
(90, 12), (90, 26), (90, 23), (90, 20), (90, 1), (90, 18), (90, 21), (90, 11), (90, 13),
(91, 26), (91, 23), (91, 6), (91, 1), (91, 25), (91, 13), (91, 14), (91, 19),
(92, 24), (92, 26), (92, 6), (92, 1), (92, 25), (92, 13), (92, 11), (92, 23), (92, 19), (92, 21),
(93, 23), (93, 15), (93, 13), (93, 24), (93, 19),
(94, 12), (94, 5), (94, 23), (94, 6), (94, 15), (94, 1), (94, 18), (94, 7), (94, 13), (94, 24), (94, 14), (94, 19),
(95, 12), (95, 5), (95, 23), (95, 15), (95, 1), (95, 21), (95, 7), (95, 13), (95, 24), (95, 14), (95, 19),
(96, 12), (96, 23), (96, 15), (96, 13), (96, 19),
(97, 6), (97, 15), (97, 19),
(98, 1), (98, 18), (98, 13), (98, 12),
(99, 1), (99, 18), (99, 13), (99, 12),
(100, 5), (100, 1), (100, 7), (100, 18), (100, 10), (100, 25),
(101, 26), (101, 14), (101, 19),
(102, 11), (102, 14), (102, 26), (102, 19),
(103, 6), (103, 10), (103, 25), (103, 13),
(104, 6), (104, 10), (104, 25), (104, 13), (104, 17), (104, 11),
(105, 5), (105, 15), (105, 17), (105, 1), (105, 18), (105, 10), (105, 21), (105, 7), (105, 13), (105, 14), (105, 2),
(106, 2), (106, 18), (106, 7), (106, 17), (106, 23), (106, 1), (106, 5), (106, 19), (106, 21),
(107, 17),
(108, 26), (108, 25),
(109, 26), (109, 25), (109, 11),
(110, 12), (110, 18), (110, 24),
(111, 5), (111, 26), (111, 6), (111, 7), (111, 13), (111, 19),
(112, 12), (112, 25), (112, 13), (112, 24), (112, 19),
(113, 24), (113, 13), (113, 12), (113, 25), (113, 23), (113, 21), (113, 19), (113, 12), (113, 1), (113, 13),
(114, 24), (114, 14), (114, 19),
(115, 10), (115, 17),
(116, 12), (116, 6), (116, 15), (116, 20), (116, 18), (116, 10), (116, 21), (116, 13), (116, 24), (116, 19),
(117, 13), (117, 15), (117, 10), (117, 21), (117, 23), (117, 6), (117, 12), (117, 19),
(118, 11),
(119, 20),
(120, 12), (120, 23), (120, 1), (120, 18), (120, 24), (120, 14), (120, 19),
(121, 4),
(122, 11),
(123, 4),
(124, 12), (124, 23), (124, 13), (124, 2), (124, 19),
(125, 12), (125, 5), (125, 10), (125, 7), (125, 2),
(126, 9),
(127, 27),
(128, 21), (128, 23),
(129, 5), (129, 26), (129, 25), (129, 11), (129, 7),
(130, 12), (130, 5), (130, 23), (130, 10), (130, 14), (130, 13), (130, 2), (130, 19);
